image_name,color_sensor_irRatio,color_sensor_sensorCct,meta_data_currentFrame_bv
001_demo.jpg,0.8300000000000001,3010,5.05
002_demo.jpg,0.8400000000000001,3020,5.1
003_demo.jpg,0.8500000000000001,3030,5.15
004_demo.jpg,0.8600000000000001,3040,5.2
005_demo.jpg,0.8700000000000001,3050,5.25
006_demo.jpg,0.8800000000000001,3060,5.3
007_demo.jpg,0.8900000000000001,3070,5.35
008_demo.jpg,0.9,3080,5.4
